state,year,term,start,end
NSW,1978,1,1978-02-01,1978-05-05
Vic,1978,1,1978-02-06,1978-05-12
Qld,1978,1,1978-01-23,1978-04-28
SA,1978,1,1978-02-06,1978-05-12
WA,1978,1,1978-02-06,1978-05-12
Tas,1978,1,1978-02-21,1978-05-26
NT,1978,1,1978-02-06,1978-05-12
ACT,1978,1,1978-02-01,1978-05-05
NSW,1978,2,1978-05-22,1978-08-25
Vic,1978,2,1978-05-29,1978-08-25
Qld,1978,2,1978-05-15,1978-08-11
SA,1978,2,1978-05-29,1978-08-25
WA,1978,2,1978-05-29,1978-08-25
Tas,1978,2,1978-06-12,1978-08-25
NT,1978,2,1978-05-29,1978-08-25
ACT,1978,2,1978-05-22,1978-08-25
NSW,1978,3,1978-09-11,1978-12-14
Vic,1978,3,1978-09-11,1978-12-19
Qld,1978,3,1978-08-28,1978-12-15
SA,1978,3,1978-09-11,1978-12-15
WA,1978,3,1978-09-11,1978-12-15
Tas,1978,3,1978-09-11,1978-12-20
NT,1978,3,1978-09-11,1978-12-08
ACT,1978,3,1978-09-11,1978-12-15
NSW,1979,1,1979-01-31,1979-05-04
Vic,1979,1,1979-02-05,1979-05-11
Qld,1979,1,1979-01-30,1979-05-04
SA,1979,1,1979-02-05,1979-05-11
WA,1979,1,1979-02-05,1979-05-11
Tas,1979,1,1979-02-20,1979-05-25
NT,1979,1,1979-02-05,1979-05-11
ACT,1979,1,1979-01-31,1979-05-04
NSW,1979,2,1979-05-21,1979-08-24
Vic,1979,2,1979-05-28,1979-08-24
Qld,1979,2,1979-05-21,1979-08-10
SA,1979,2,1979-05-28,1979-08-24
WA,1979,2,1979-05-28,1979-08-24
Tas,1979,2,1979-06-11,1979-08-31
NT,1979,2,1979-05-28,1979-08-24
ACT,1979,2,1979-05-21,1979-07-12
NSW,1979,3,1979-09-10,1979-12-13
Vic,1979,3,1979-09-10,1979-12-20
Qld,1979,3,1979-08-27,1979-12-14
SA,1979,3,1979-09-10,1979-12-14
WA,1979,3,1979-09-10,1979-12-22
Tas,1979,3,1979-09-17,1979-12-20
NT,1979,3,1979-09-10,1979-12-07
ACT,1979,3,1979-07-17,1979-08-24
NSW,1980,1,1980-01-30,1980-05-02
Vic,1980,1,1980-02-05,1980-05-09
Qld,1980,1,1980-01-29,1980-05-02
SA,1980,1,1980-02-11,1980-05-16
WA,1980,1,1980-02-11,1980-05-09
Tas,1980,1,1980-02-19,1980-05-30
NT,1980,1,1980-02-04,1980-05-09
ACT,1980,1,1980-01-30,1980-05-02
NSW,1980,2,1980-05-19,1980-08-22
Vic,1980,2,1980-05-26,1980-08-22
Qld,1980,2,1980-05-19,1980-08-08
SA,1980,2,1980-06-02,1980-08-29
WA,1980,2,1980-05-26,1980-08-22
Tas,1980,2,1980-06-16,1980-08-29
NT,1980,2,1980-05-26,1980-08-22
ACT,1980,2,1980-05-19,1980-08-22
NSW,1980,3,1980-09-08,1980-12-11
Vic,1980,3,1980-09-08,1980-12-18
Qld,1980,3,1980-08-25,1980-12-12
SA,1980,3,1980-09-15,1980-12-19
WA,1980,3,1980-09-08,1980-12-17
Tas,1980,3,1980-09-15,1980-12-18
NT,1980,3,1980-09-08,1980-12-05
ACT,1980,3,1980-09-08,1980-12-12
NSW,1981,1,1981-01-28,1981-05-08
Vic,1981,1,1981-02-03,1981-05-08
Qld,1981,1,1981-01-27,1981-04-16
SA,1981,1,1981-02-09,1981-05-15
WA,1981,1,1981-02-09,1981-05-08
Tas,1981,1,1981-02-17,1981-05-30
NT,1981,1,1981-02-02,1981-05-08
ACT,1981,1,1981-01-28,1981-05-01
NSW,1981,2,1981-05-25,1981-08-28
Vic,1981,2,1981-05-25,1981-08-21
Qld,1981,2,1981-04-27,1981-06-26
SA,1981,2,1981-06-01,1981-08-28
WA,1981,2,1981-05-25,1981-08-28
Tas,1981,2,1981-06-15,1981-08-28
NT,1981,2,1981-05-25,1981-08-21
ACT,1981,2,1981-05-18,1981-08-21
NSW,1981,3,1981-09-14,1981-12-17
Vic,1981,3,1981-09-07,1981-12-17
Qld,1981,3,1981-07-13,1981-09-18
SA,1981,3,1981-09-14,1981-12-18
WA,1981,3,1981-09-14,1981-12-16
Tas,1981,3,1981-09-14,1981-12-17
NT,1981,3,1981-09-07,1981-12-04
ACT,1981,3,1981-09-07,1981-12-10
NSW,1982,1,1982-02-03,1982-05-07
Vic,1982,1,1982-02-02,1982-05-07
Qld,1982,1,1982-01-25,1982-04-08
SA,1982,1,1982-02-08,1982-05-14
WA,1982,1,1982-02-08,1982-05-14
Tas,1982,1,1982-02-16,1982-05-28
NT,1982,1,1982-01-25,1982-04-02
ACT,1982,1,1982-02-03,1982-05-07
NSW,1982,2,1982-05-24,1982-08-27
Vic,1982,2,1982-05-24,1982-08-20
Qld,1982,2,1982-04-19,1982-06-25
SA,1982,2,1982-05-31,1982-08-27
WA,1982,2,1982-05-31,1982-08-27
Tas,1982,2,1982-06-15,1982-08-22
NT,1982,2,1982-04-12,1982-06-18
ACT,1982,2,1982-05-24,1982-08-27
NSW,1982,3,1982-09-13,1982-12-16
Vic,1982,3,1982-09-06,1982-12-16
Qld,1982,3,1982-07-12,1982-09-24
SA,1982,3,1982-09-13,1982-12-17
WA,1982,3,1982-09-13,1982-12-15
Tas,1982,3,1982-09-13,1982-12-22
NT,1982,3,1982-07-19,1982-09-24
ACT,1982,3,1982-09-13,1982-12-17
NSW,1983,1,1983-02-02,1983-05-06
Vic,1983,1,1983-02-01,1983-05-06
Qld,1983,1,1983-01-24,1983-03-31
SA,1983,1,1983-02-07,1983-05-13
WA,1983,1,1983-02-07,1983-05-13
Tas,1983,1,1983-02-22,1983-05-27
NT,1983,1,1983-01-24,1983-03-31
ACT,1983,1,1983-02-02,1983-05-06
NSW,1983,2,1983-05-23,1983-08-26
Vic,1983,2,1983-05-23,1983-08-19
Qld,1983,2,1983-04-11,1983-06-24
SA,1983,2,1983-05-30,1983-08-26
WA,1983,2,1983-05-30,1983-08-26
Tas,1983,2,1983-06-13,1983-08-26
NT,1983,2,1983-04-11,1983-06-17
ACT,1983,2,1983-05-23,1983-08-26
NSW,1983,3,1983-09-12,1983-12-15
Vic,1983,3,1983-09-05,1983-12-15
Qld,1983,3,1983-07-11,1983-09-16
SA,1983,3,1983-09-12,1983-12-16
WA,1983,3,1983-09-12,1983-12-14
Tas,1983,3,1983-09-12,1983-12-21
NT,1983,3,1983-07-18,1983-09-23
ACT,1983,3,1983-09-12,1983-12-16
NSW,1984,1,1984-02-01,1984-05-04
Vic,1984,1,1984-01-31,1984-05-04
Qld,1984,1,1984-01-23,1984-04-13
SA,1984,1,1984-02-06,1984-05-11
WA,1984,1,1984-02-06,1984-05-11
Tas,1984,1,1984-02-21,1984-05-25
NT,1984,1,1984-01-23,1984-03-30
ACT,1984,1,1984-02-01,1984-05-04
NSW,1984,2,1984-05-21,1984-08-24
Vic,1984,2,1984-05-21,1984-08-17
Qld,1984,2,1984-04-24,1984-06-22
SA,1984,2,1984-05-28,1984-08-24
WA,1984,2,1984-05-28,1984-08-24
Tas,1984,2,1984-06-12,1984-08-31
NT,1984,2,1984-04-09,1984-06-22
ACT,1984,2,1984-05-21,1984-08-24
NSW,1984,3,1984-09-10,1984-12-13
Vic,1984,3,1984-09-03,1984-12-18
Qld,1984,3,1984-07-09,1984-09-14
SA,1984,3,1984-09-10,1984-12-14
WA,1984,3,1984-09-10,1984-12-19
Tas,1984,3,1984-09-17,1984-12-20
NT,1984,3,1984-07-23,1984-09-28
ACT,1984,3,1984-09-10,1984-12-14
NSW,1985,1,1985-01-30,1985-05-03
Vic,1985,1,1985-02-05,1985-05-10
Qld,1985,1,1985-01-29,1985-04-04
SA,1985,1,1985-02-11,1985-05-17
WA,1985,1,1985-02-11,1985-05-17
Tas,1985,1,1985-02-19,1985-05-31
NT,1985,1,1985-01-29,1985-04-04
ACT,1985,1,1985-01-30,1985-05-03
NSW,1985,2,1985-05-20,1985-08-23
Vic,1985,2,1985-05-27,1985-08-23
Qld,1985,2,1985-04-15,1985-06-21
SA,1985,2,1985-06-03,1985-08-30
WA,1985,2,1985-06-04,1985-08-30
Tas,1985,2,1985-06-17,1985-08-30
NT,1985,2,1985-04-15,1985-06-28
ACT,1985,2,1985-05-20,1985-08-23
NSW,1985,3,1985-09-09,1985-12-12
Vic,1985,3,1985-09-09,1985-12-19
Qld,1985,3,1985-07-08,1985-09-20
SA,1985,3,1985-09-16,1985-12-20
WA,1985,3,1985-09-16,1985-12-18
Tas,1985,3,1985-09-16,1985-12-19
NT,1985,3,1985-07-24,1985-10-04
ACT,1985,3,1985-09-09,1985-12-13
NSW,1986,1,1986-01-29,1986-05-02
Vic,1986,1,1986-02-04,1986-05-09
Qld,1986,1,1986-01-28,1986-03-27
SA,1986,1,1986-02-10,1986-05-16
WA,1986,1,1986-02-05,1986-03-27
Tas,1986,1,1986-02-18,1986-05-30
NT,1986,1,1986-01-28,1986-04-11
ACT,1986,1,1986-01-28,1986-05-02
NSW,1986,2,1986-05-19,1986-08-22
Vic,1986,2,1986-05-26,1986-08-22
Qld,1986,2,1986-04-07,1986-06-13
SA,1986,2,1986-06-02,1986-08-29
WA,1986,2,1986-04-07,1986-06-20
Tas,1986,2,1986-06-16,1986-08-29
NT,1986,2,1986-04-21,1986-07-04
ACT,1986,2,1986-05-19,1986-08-22
NSW,1986,3,1986-09-08,1986-12-18
Vic,1986,3,1986-09-08,1986-12-18
Qld,1986,3,1986-06-30,1986-09-19
SA,1986,3,1986-09-15,1986-12-19
WA,1986,3,1986-07-09,1986-09-19
Tas,1986,3,1986-09-15,1986-12-18
NT,1986,3,1986-08-05,1986-10-03
ACT,1986,3,1986-09-08,1986-12-12
NSW,1987,1,1987-02-03,1987-04-15
Vic,1987,1,1987-02-05,1987-04-16
Qld,1987,1,1987-01-27,1987-04-10
SA,1987,1,1987-02-02,1987-04-16
WA,1987,1,1987-02-04,1987-04-10
Tas,1987,1,1987-02-16,1987-05-29
NT,1987,1,1987-01-28,1987-04-10
ACT,1987,1,1987-01-27,1987-05-01
NSW,1987,2,1987-04-27,1987-07-03
Vic,1987,2,1987-04-27,1987-06-26
Qld,1987,2,1987-04-21,1987-06-20
SA,1987,2,1987-04-27,1987-07-03
WA,1987,2,1987-04-22,1987-07-03
Tas,1987,2,1987-06-15,1987-08-28
NT,1987,2,1987-04-21,1987-06-26
ACT,1987,2,1987-05-18,1987-08-21
NSW,1987,3,1987-07-20,1987-09-25
Vic,1987,3,1987-07-13,1987-09-18
Qld,1987,3,1987-07-13,1987-09-18
SA,1987,3,1987-07-20,1987-09-25
WA,1987,3,1987-07-22,1987-09-25
Tas,1987,3,1987-09-17,1987-12-17
NT,1987,3,1987-07-27,1987-10-02
ACT,1987,3,1987-09-07,1987-12-10
NSW,1988,1,1988-02-02,1988-03-31
Vic,1988,1,1988-02-04,1988-03-31
Qld,1988,1,1988-01-25,1988-03-25
SA,1988,1,1988-02-02,1988-04-15
WA,1988,1,1988-02-04,1988-03-31
Tas,1988,1,1988-02-16,1988-05-27
NT,1988,1,1988-01-27,1988-04-08
ACT,1988,1,1988-02-02,1988-03-31
NSW,1988,2,1988-04-11,1988-07-01
Vic,1988,2,1988-04-11,1988-06-24
Qld,1988,2,1988-04-05,1988-06-17
SA,1988,2,1988-04-26,1988-07-01
WA,1988,2,1988-04-11,1988-06-24
Tas,1988,2,1988-06-13,1988-08-26
NT,1988,2,1988-04-18,1988-07-01
ACT,1988,2,1988-04-11,1988-07-01
NSW,1988,3,1988-07-18,1988-09-23
Vic,1988,3,1988-07-11,1988-09-16
Qld,1988,3,1988-07-04,1988-09-09
SA,1988,3,1988-07-18,1988-09-23
WA,1988,3,1988-07-13,1988-09-23
Tas,1988,3,1988-09-12,1988-12-21
NT,1988,3,1988-08-02,1988-09-30
ACT,1988,3,1988-07-18,1988-09-23
NSW,1989,1,1989-01-31,1989-03-23
Vic,1989,1,1989-02-02,1989-03-23
Qld,1989,1,1989-01-23,1989-03-17
SA,1989,1,1989-01-31,1989-04-14
WA,1989,1,1989-02-01,1989-04-14
Tas,1989,1,1989-02-21,1989-05-26
NT,1989,1,1989-01-23,1989-04-07
ACT,1989,1,1989-01-30,1989-03-23
NSW,1989,2,1989-04-03,1989-06-23
Vic,1989,2,1989-04-03,1989-06-23
Qld,1989,2,1989-03-28,1989-06-16
SA,1989,2,1989-04-24,1989-06-30
WA,1989,2,1989-05-01,1989-07-07
Tas,1989,2,1989-06-13,1989-08-25
NT,1989,2,1989-04-17,1989-06-23
ACT,1989,2,1989-04-03,1989-06-23
NSW,1989,3,1989-07-10,1989-09-22
Vic,1989,3,1989-07-10,1989-09-22
Qld,1989,3,1989-07-03,1989-09-08
SA,1989,3,1989-07-17,1989-09-22
WA,1989,3,1989-07-25,1989-09-29
Tas,1989,3,1989-09-11,1989-12-20
NT,1989,3,1989-07-24,1989-09-29
ACT,1989,3,1989-07-10,1989-09-22
NSW,1990,1,1990-01-29,1990-04-12
Vic,1990,1,1990-02-08,1990-04-12
Qld,1990,1,1990-01-30,1990-04-12
SA,1990,1,1990-01-30,1990-04-12
WA,1990,1,1990-01-31,1990-04-12
Tas,1990,1,1990-02-20,1990-05-25
NT,1990,1,1990-01-30,1990-04-06
ACT,1990,1,1990-01-29,1990-04-12
NSW,1990,2,1990-04-23,1990-06-29
Vic,1990,2,1990-04-23,1990-06-29
Qld,1990,2,1990-04-23,1990-06-15
SA,1990,2,1990-04-23,1990-06-29
WA,1990,2,1990-04-30,1990-07-06
Tas,1990,2,1990-06-11,1990-08-31
NT,1990,2,1990-04-17,1990-06-22
ACT,1990,2,1990-04-23,1990-06-29
NSW,1990,3,1990-07-16,1990-09-21
Vic,1990,3,1990-07-16,1990-09-21
Qld,1990,3,1990-07-02,1990-09-14
SA,1990,3,1990-07-16,1990-09-21
WA,1990,3,1990-07-24,1990-09-28
Tas,1990,3,1990-09-17,1990-12-20
NT,1990,3,1990-07-23,1990-09-28
ACT,1990,3,1990-07-16,1990-09-21
NSW,1991,1,1991-01-29,1991-03-28
Vic,1991,1,1991-01-29,1991-04-12
Qld,1991,1,1991-01-29,1991-03-28
SA,1991,1,1991-02-04,1991-04-19
WA,1991,1,1991-01-30,1991-04-12
Tas,1991,1,1991-02-19,1991-05-31
NT,1991,1,1991-01-29,1991-04-05
ACT,1991,1,1991-01-29,1991-03-28
NSW,1991,2,1991-04-08,1991-06-28
Vic,1991,2,1991-04-29,1991-07-05
Qld,1991,2,1991-04-08,1991-06-14
SA,1991,2,1991-04-29,1991-07-05
WA,1991,2,1991-04-29,1991-07-05
Tas,1991,2,1991-06-17,1991-08-30
NT,1991,2,1991-04-15,1991-06-21
ACT,1991,2,1991-04-08,1991-06-28
NSW,1991,3,1991-07-15,1991-09-27
Vic,1991,3,1991-07-22,1991-09-20
Qld,1991,3,1991-07-01,1991-09-13
SA,1991,3,1991-07-22,1991-09-27
WA,1991,3,1991-07-23,1991-09-27
Tas,1991,3,1991-09-16,1991-12-19
NT,1991,3,1991-07-22,1991-09-27
ACT,1991,3,1991-07-15,1991-09-27
NSW,1992,1,1992-01-28,1992-04-10
Vic,1992,1,1992-01-28,1992-04-10
Qld,1992,1,1992-01-28,1992-04-16
SA,1992,1,1992-01-28,1992-04-10
WA,1992,1,1992-01-29,1992-04-10
Tas,1992,1,1992-02-18,1992-05-29
NT,1992,1,1992-01-28,1992-04-03
ACT,1992,1,1992-01-28,1992-04-10
NSW,1992,2,1992-04-27,1992-07-03
Vic,1992,2,1992-04-27,1992-07-03
Qld,1992,2,1992-04-27,1992-06-19
SA,1992,2,1992-04-27,1992-07-03
WA,1992,2,1992-04-28,1992-07-03
Tas,1992,2,1992-06-15,1992-08-28
NT,1992,2,1992-04-13,1992-06-19
ACT,1992,2,1992-04-27,1992-07-03
NSW,1992,3,1992-07-20,1992-09-25
Vic,1992,3,1992-07-20,1992-09-18
Qld,1992,3,1992-07-06,1992-09-18
SA,1992,3,1992-07-20,1992-09-25
WA,1992,3,1992-07-21,1992-09-25
Tas,1992,3,1992-09-14,1992-12-22
NT,1992,3,1992-07-20,1992-09-25
ACT,1992,3,1992-07-20,1992-09-25
NSW,1993,1,1993-02-01,1993-04-08
Vic,1993,1,1993-01-25,1993-04-08
Qld,1993,1,1993-02-01,1993-04-08
SA,1993,1,1993-01-25,1993-04-08
WA,1993,1,1993-02-03,1993-04-08
Tas,1993,1,1993-02-16,1993-05-28
NT,1993,1,1993-01-25,1993-04-02
ACT,1993,1,1993-02-01,1993-04-08
NSW,1993,2,1993-04-19,1993-06-25
Vic,1993,2,1993-04-26,1993-07-02
Qld,1993,2,1993-04-19,1993-06-18
SA,1993,2,1993-04-27,1993-07-02
WA,1993,2,1993-04-27,1993-07-09
Tas,1993,2,1993-06-15,1993-08-27
NT,1993,2,1993-04-13,1993-06-18
ACT,1993,2,1993-04-19,1993-06-25
NSW,1993,3,1993-07-12,1993-09-22
Vic,1993,3,1993-07-19,1993-09-17
Qld,1993,3,1993-07-05,1993-09-17
SA,1993,3,1993-07-19,1993-09-24
WA,1993,3,1993-07-27,1993-10-01
Tas,1993,3,1993-09-13,1993-12-22
NT,1993,3,1993-07-19,1993-09-24
ACT,1993,3,1993-07-12,1993-09-24
NSW,1994,1,1994-01-31,1994-03-31
Vic,1994,1,1994-01-24,1994-03-31
Qld,1994,1,1994-01-31,1994-03-31
SA,1994,1,1994-02-01,1994-04-15
WA,1994,1,1994-02-02,1994-04-15
Tas,1994,1,1994-02-15,1994-05-27
NT,1994,1,1994-01-24,1994-03-31
ACT,1994,1,1994-01-31,1994-03-31
NSW,1994,2,1994-04-11,1994-06-24
Vic,1994,2,1994-04-18,1994-07-01
Qld,1994,2,1994-04-11,1994-06-17
SA,1994,2,1994-05-02,1994-07-08
WA,1994,2,1994-05-02,1994-07-08
Tas,1994,2,1994-06-14,1994-08-26
NT,1994,2,1994-04-11,1994-06-17
ACT,1994,2,1994-04-11,1994-06-24
NSW,1994,3,1994-07-11,1994-09-23
Vic,1994,3,1994-07-18,1994-09-16
Qld,1994,3,1994-07-04,1994-09-16
SA,1994,3,1994-07-25,1994-09-30
WA,1994,3,1994-07-25,1994-09-30
Tas,1994,3,1994-09-12,1994-12-21
NT,1994,3,1994-07-18,1994-09-30
ACT,1994,3,1994-07-11,1994-09-23
NSW,1995,1,1995-01-30,1995-04-13
Vic,1995,1,1995-01-31,1995-04-07
Qld,1995,1,1995-01-30,1995-04-13
SA,1995,1,1995-01-31,1995-04-13
WA,1995,1,1995-02-01,1995-04-13
Tas,1995,1,1995-02-21,1995-05-26
NT,1995,1,1995-01-30,1995-04-07
ACT,1995,1,1995-01-30,1995-04-13
NSW,1995,2,1995-04-24,1995-06-30
Vic,1995,2,1995-04-24,1995-06-30
Qld,1995,2,1995-04-24,1995-06-16
SA,1995,2,1995-05-01,1995-07-07
WA,1995,2,1995-05-01,1995-07-07
Tas,1995,2,1995-06-13,1995-08-25
NT,1995,2,1995-04-18,1995-06-23
ACT,1995,2,1995-04-24,1995-06-30
NSW,1995,3,1995-07-17,1995-09-22
Vic,1995,3,1995-07-17,1995-09-22
Qld,1995,3,1995-07-03,1995-09-15
SA,1995,3,1995-07-24,1995-09-29
WA,1995,3,1995-07-24,1995-09-29
Tas,1995,3,1995-09-11,1995-12-20
NT,1995,3,1995-07-24,1995-09-29
ACT,1995,3,1995-07-17,1995-09-22
NSW,1996,1,1996-01-29,1996-03-29
Vic,1996,1,1996-01-30,1996-04-04
Qld,1996,1,1996-01-29,1996-04-04
SA,1996,1,1996-01-29,1996-04-12
WA,1996,1,1996-01-31,1996-04-04
Tas,1996,1,1996-02-14,1996-05-31
NT,1996,1,1996-01-30,1996-04-04
ACT,1996,1,1996-01-29,1996-03-29
NSW,1996,2,1996-04-15,1996-06-28
Vic,1996,2,1996-04-22,1996-06-28
Qld,1996,2,1996-04-15,1996-06-21
SA,1996,2,1996-04-29,1996-07-05
WA,1996,2,1996-04-22,1996-07-05
Tas,1996,2,1996-06-17,1996-09-06
NT,1996,2,1996-04-15,1996-06-21
ACT,1996,2,1996-04-15,1996-06-28
NSW,1996,3,1996-07-15,1996-09-27
Vic,1996,3,1996-07-15,1996-09-20
Qld,1996,3,1996-07-08,1996-09-20
SA,1996,3,1996-07-22,1996-09-27
WA,1996,3,1996-07-22,1996-09-27
Tas,1996,3,1996-09-23,1996-12-19
NT,1996,3,1996-07-22,1996-09-27
ACT,1996,3,1996-07-15,1996-09-27
NSW,1997,1,1997-02-03,1997-03-27
Vic,1997,1,1997-01-28,1997-04-11
Qld,1997,1,1997-01-28,1997-03-27
SA,1997,1,1997-01-28,1997-04-11
WA,1997,1,1997-01-29,1997-04-11
Tas,1997,1,1997-02-13,1997-05-30
NT,1997,1,1997-01-29,1997-04-04
ACT,1997,1,1997-02-03,1997-03-27
NSW,1997,2,1997-04-07,1997-06-27
Vic,1997,2,1997-04-28,1997-06-27
Qld,1997,2,1997-04-07,1997-06-20
SA,1997,2,1997-04-28,1997-07-04
WA,1997,2,1997-04-28,1997-07-04
Tas,1997,2,1997-06-16,1997-09-05
NT,1997,2,1997-04-14,1997-06-20
ACT,1997,2,1997-04-07,1997-06-27
NSW,1997,3,1997-07-14,1997-09-26
Vic,1997,3,1997-07-14,1997-09-19
Qld,1997,3,1997-07-07,1997-09-19
SA,1997,3,1997-07-21,1997-09-26
WA,1997,3,1997-07-21,1997-09-26
Tas,1997,3,1997-09-22,1997-12-18
NT,1997,3,1997-07-21,1997-09-26
ACT,1997,3,1997-07-14,1997-09-26
NSW,1998,1,1998-01-27,1998-04-09
Vic,1998,1,1998-01-28,1998-04-09
Qld,1998,1,1998-01-27,1998-04-09
SA,1998,1,1998-01-27,1998-04-09
WA,1998,1,1998-01-28,1998-04-09
Tas,1998,1,1998-02-12,1998-05-29
NT,1998,1,1998-01-28,1998-04-03
ACT,1998,1,1998-02-03,1998-04-08
NSW,1998,2,1998-04-27,1998-07-03
Vic,1998,2,1998-04-27,1998-06-26
Qld,1998,2,1998-04-21,1998-06-19
SA,1998,2,1998-04-27,1998-07-03
WA,1998,2,1998-04-28,1998-07-03
Tas,1998,2,1998-06-15,1998-09-04
NT,1998,2,1998-04-14,1998-06-19
ACT,1998,2,1998-04-20,1998-06-26
NSW,1998,3,1998-07-20,1998-09-25
Vic,1998,3,1998-07-13,1998-09-18
Qld,1998,3,1998-07-07,1998-09-18
SA,1998,3,1998-07-20,1998-09-25
WA,1998,3,1998-07-20,1998-09-25
Tas,1998,3,1998-09-21,1998-12-18
NT,1998,3,1998-07-20,1998-10-02
ACT,1998,3,1998-07-13,1998-09-25
NSW,1998,4,1998-10-12,1998-12-18
Vic,1998,4,1998-10-05,1998-12-18
Qld,1998,4,1998-10-05,1998-12-11
SA,1998,4,1998-10-12,1998-12-18
WA,1998,4,1998-10-12,1998-12-11
Tas,1899,4,1899-12-31,1899-12-31
NT,1998,4,1998-10-12,1998-12-18
ACT,1998,4,1998-10-12,1998-12-18
NSW,1999,1,1999-01-27,1999-04-01
Vic,1999,1,1999-01-27,1999-04-01
Qld,1999,1,1999-01-27,1999-04-01
SA,1999,1,1999-01-27,1999-04-01
WA,1999,1,1999-01-27,1999-04-01
Tas,1999,1,1999-02-11,1999-05-28
NT,1999,1,1999-02-02,1999-04-09
ACT,1999,1,1999-01-29,1999-04-01
NSW,1999,2,1999-04-19,1999-07-02
Vic,1999,2,1999-04-19,1999-06-25
Qld,1999,2,1999-04-13,1999-06-18
SA,1999,2,1999-04-19,1999-07-02
WA,1999,2,1999-04-19,1999-07-02
Tas,1999,2,1999-06-15,1999-09-03
NT,1999,2,1999-04-19,1999-06-25
ACT,1999,2,1999-04-19,1999-07-02
NSW,1999,3,1999-07-19,1999-09-24
Vic,1999,3,1999-07-12,1999-09-17
Qld,1999,3,1999-07-06,1999-09-17
SA,1999,3,1999-07-19,1999-09-24
WA,1999,3,1999-07-19,1999-09-24
Tas,1999,3,1999-09-20,1999-12-17
NT,1999,3,1999-07-26,1999-10-01
ACT,1999,3,1999-07-19,1999-09-24
NSW,2000,1,2000-01-28,2000-04-14
Vic,2000,1,2000-01-25,2000-04-07
Qld,2000,1,2000-01-31,2000-04-20
SA,2000,1,2000-01-31,2000-04-14
WA,2000,1,2000-02-01,2000-04-07
Tas,2000,1,2000-02-15,2000-04-20
NT,2000,1,2000-01-31,2000-04-07
ACT,2000,1,2000-01-28,2000-04-14
NSW,2000,2,2000-05-01,2000-06-30
Vic,2000,2,2000-04-26,2000-06-23
Qld,2000,2,2000-05-02,2000-06-30
SA,2000,2,2000-05-01,2000-07-07
WA,2000,2,2000-04-26,2000-06-30
Tas,2000,2,2000-05-02,2000-06-02
NT,2000,2,2000-04-17,2000-06-23
ACT,2000,2,2000-05-01,2000-06-30
NSW,2000,3,2000-07-17,2000-09-08
Vic,2000,3,2000-07-10,2000-09-15
Qld,2000,3,2000-07-18,2000-09-15
SA,2000,3,2000-07-24,2000-09-15
WA,2000,3,2000-07-17,2000-09-22
Tas,2000,3,2000-06-19,2000-09-14
NT,2000,3,2000-07-24,2000-09-29
ACT,2000,3,2000-07-17,2000-09-08
NSW,2000,4,2000-10-03,2000-12-19
Vic,2000,4,2000-10-02,2000-12-19
Qld,2000,4,2000-10-02,2000-12-15
SA,2000,4,2000-10-03,2000-12-22
WA,2000,4,2000-10-09,2000-12-15
Tas,2000,4,2000-10-02,2000-12-20
NT,2000,4,2000-10-09,2000-12-15
ACT,2000,4,2000-10-03,2000-12-19
NSW,2001,1,2001-01-29,2001-04-12
Vic,2001,1,2001-01-31,2001-04-06
Qld,2001,1,2001-01-29,2001-04-12
SA,2001,1,2001-01-29,2001-04-12
WA,2001,1,2001-02-05,2001-04-12
Tas,2001,1,2001-02-15,2001-04-12
NT,2001,1,2001-01-29,2001-04-06
ACT,2001,1,2001-02-05,2001-04-12
NSW,2001,2,2001-04-30,2001-07-06
Vic,2001,2,2001-04-23,2001-06-29
Qld,2001,2,2001-04-23,2001-06-22
SA,2001,2,2001-04-30,2001-07-06
WA,2001,2,2001-04-30,2001-07-06
Tas,2001,2,2001-04-23,2001-06-01
NT,2001,2,2001-04-17,2001-06-22
ACT,2001,2,2001-04-30,2001-07-06
NSW,2001,3,2001-07-23,2001-09-28
Vic,2001,3,2001-07-16,2001-09-21
Qld,2001,3,2001-07-09,2001-09-21
SA,2001,3,2001-07-23,2001-09-28
WA,2001,3,2001-07-23,2001-09-28
Tas,2001,3,2001-06-18,2001-09-07
NT,2001,3,2001-07-23,2001-09-28
ACT,2001,3,2001-07-23,2001-09-28
NSW,2001,4,2001-10-15,2001-12-20
Vic,2001,4,2001-10-08,2001-12-21
Qld,2001,4,2001-10-08,2001-12-14
SA,2001,4,2001-10-15,2001-12-14
WA,2001,4,2001-10-15,2001-12-20
Tas,2001,4,2001-09-24,2001-12-20
NT,2001,4,2001-10-08,2001-12-14
ACT,2001,4,2001-10-15,2001-12-21
NSW,2002,1,2002-01-29,2002-04-12
Vic,2002,1,2002-01-29,2002-03-28
Qld,2002,1,2002-01-24,2002-03-28
SA,2002,1,2002-01-29,2002-04-12
WA,2002,1,2002-02-04,2002-04-19
Tas,2002,1,2002-02-14,2002-03-28
NT,2002,1,2002-01-29,2002-04-05
ACT,2002,1,2002-02-01,2002-04-12
NSW,2002,2,2002-04-29,2002-07-05
Vic,2002,2,2002-04-15,2002-06-28
Qld,2002,2,2002-04-08,2002-06-21
SA,2002,2,2002-04-29,2002-07-05
WA,2002,2,2002-05-06,2002-07-05
Tas,2002,2,2002-04-08,2002-05-31
NT,2002,2,2002-04-15,2002-06-21
ACT,2002,2,2002-04-29,2002-07-05
NSW,2002,3,2002-07-22,2002-09-27
Vic,2002,3,2002-07-15,2002-09-20
Qld,2002,3,2002-07-08,2002-09-20
SA,2002,3,2002-07-22,2002-09-27
WA,2002,3,2002-07-22,2002-09-27
Tas,2002,3,2002-06-17,2002-09-06
NT,2002,3,2002-07-22,2002-09-27
ACT,2002,3,2002-07-22,2002-09-27
NSW,2002,4,2002-10-14,2002-12-20
Vic,2002,4,2002-10-07,2002-12-20
Qld,2002,4,2002-10-07,2002-12-13
SA,2002,4,2002-10-14,2002-12-13
WA,2002,4,2002-10-14,2002-12-19
Tas,2002,4,2002-09-23,2002-12-19
NT,2002,4,2002-10-07,2002-12-13
ACT,2002,4,2002-10-14,2002-12-20
NSW,2003,1,2003-01-29,2003-04-09
Vic,2003,1,2003-01-29,2003-04-09
Qld,2003,1,2003-01-28,2003-04-17
SA,2003,1,2003-01-28,2003-04-11
WA,2003,1,2003-02-03,2003-04-17
Tas,2003,1,2003-02-13,2003-04-11
NT,2003,1,2003-01-28,2003-04-04
ACT,2003,1,2003-02-03,2003-04-11
NSW,2003,2,2003-04-30,2003-07-03
Vic,2003,2,2003-04-28,2003-06-27
Qld,2003,2,2003-04-29,2003-06-27
SA,2003,2,2003-04-28,2003-07-04
WA,2003,2,2003-05-05,2003-07-04
Tas,2003,2,2003-04-21,2003-05-30
NT,2003,2,2003-04-14,2003-06-20
ACT,2003,2,2003-04-28,2003-07-04
NSW,2003,3,2003-07-21,2003-09-26
Vic,2003,3,2003-07-14,2003-09-19
Qld,2003,3,2003-07-15,2003-09-19
SA,2003,3,2003-07-21,2003-09-26
WA,2003,3,2003-07-21,2003-09-26
Tas,2003,3,2003-06-16,2003-09-05
NT,2003,3,2003-07-21,2003-09-26
ACT,2003,3,2003-07-21,2003-09-26
NSW,2003,4,2003-10-13,2003-12-19
Vic,2003,4,2003-10-06,2003-12-19
Qld,2003,4,2003-10-06,2003-12-12
SA,2003,4,2003-10-13,2003-12-12
WA,2003,4,2003-10-13,2003-12-18
Tas,2003,4,2003-09-22,2003-12-18
NT,2003,4,2003-10-06,2003-12-12
ACT,2003,4,2003-10-13,2003-12-18
NSW,2004,1,2004-01-27,2004-04-08
Vic,2004,1,2004-01-28,2004-04-02
Qld,2004,1,2004-01-27,2004-04-08
SA,2004,1,2004-01-27,2004-04-08
WA,2004,1,2004-02-02,2004-04-08
Tas,2004,1,2004-02-12,2004-04-09
NT,2004,1,2004-01-27,2004-04-02
ACT,2004,1,2004-01-30,2004-04-08
NSW,2004,2,2004-04-27,2004-07-02
Vic,2004,2,2004-04-19,2004-06-25
Qld,2004,2,2004-04-19,2004-06-25
SA,2004,2,2004-04-26,2004-07-02
WA,2004,2,2004-04-27,2004-07-09
Tas,2004,2,2004-04-19,2004-05-28
NT,2004,2,2004-04-13,2004-06-18
ACT,2004,2,2004-04-27,2004-07-02
NSW,2004,3,2004-07-19,2004-09-24
Vic,2004,3,2004-07-12,2004-09-17
Qld,2004,3,2004-07-12,2004-09-17
SA,2004,3,2004-07-19,2004-09-24
WA,2004,3,2004-07-26,2004-10-01
Tas,2004,3,2004-06-14,2004-09-03
NT,2004,3,2004-07-19,2004-09-24
ACT,2004,3,2004-07-19,2004-09-24
NSW,2004,4,2004-10-11,2004-12-21
Vic,2004,4,2004-10-04,2004-12-17
Qld,2004,4,2004-10-04,2004-12-10
SA,2004,4,2004-10-11,2004-12-17
WA,2004,4,2004-10-18,2004-12-16
Tas,2004,4,2004-09-20,2004-12-16
NT,2004,4,2004-10-04,2004-12-10
ACT,2004,4,2004-10-11,2004-12-17
NSW,2005,1,2005-01-28,2005-04-08
Vic,2005,1,2005-01-25,2005-04-01
Qld,2005,1,2005-01-24,2005-03-24
SA,2005,1,2005-01-31,2005-04-15
WA,2005,1,2005-01-31,2005-04-08
Tas,2005,1,2005-02-10,2005-03-25
NT,2005,1,2005-01-25,2005-04-01
ACT,2005,1,2005-01-27,2005-04-08
NSW,2005,2,2005-04-26,2005-07-01
Vic,2005,2,2005-04-18,2005-06-24
Qld,2005,2,2005-04-04,2005-06-17
SA,2005,2,2005-05-02,2005-07-08
WA,2005,2,2005-04-26,2005-07-01
Tas,2005,2,2005-04-04,2005-05-27
NT,2005,2,2005-04-11,2005-06-24
ACT,2005,2,2005-04-26,2005-07-01
NSW,2005,3,2005-07-18,2005-09-23
Vic,2005,3,2005-07-11,2005-09-16
Qld,2005,3,2005-07-04,2005-09-09
SA,2005,3,2005-07-25,2005-09-30
WA,2005,3,2005-07-18,2005-09-23
Tas,2005,3,2005-06-13,2005-09-02
NT,2005,3,2005-07-28,2005-09-30
ACT,2005,3,2005-07-18,2005-09-23
NSW,2005,4,2005-10-10,2005-12-21
Vic,2005,4,2005-10-03,2005-12-21
Qld,2005,4,2005-09-26,2005-12-09
SA,2005,4,2005-10-17,2005-12-16
WA,2005,4,2005-10-10,2005-12-08
Tas,2005,4,2005-09-19,2005-12-21
NT,2005,4,2005-10-10,2005-12-16
ACT,2005,4,2005-10-10,2005-12-16
NSW,2006,1,2006-01-30,2006-04-13
Vic,2006,1,2006-01-30,2006-03-10
Qld,2006,1,2006-01-22,2006-04-07
SA,2006,1,2006-01-30,2006-04-13
WA,2006,1,2006-02-01,2006-04-13
Tas,2006,1,2006-02-16,2006-06-02
NT,2006,1,2006-01-31,2006-04-07
ACT,2006,1,2006-02-03,2006-04-13
NSW,2006,2,2006-05-01,2006-06-30
Vic,2006,2,2006-03-27,2006-06-16
Qld,2006,2,2006-04-17,2006-06-23
SA,2006,2,2006-05-01,2006-07-07
WA,2006,2,2006-05-01,2006-07-07
Tas,2006,2,2006-06-19,2006-09-08
NT,2006,2,2006-04-18,2006-06-23
ACT,2006,2,2006-05-01,2006-07-07
NSW,2006,3,2006-07-17,2006-09-29
Vic,2006,3,2006-07-03,2006-09-15
Qld,2006,3,2006-07-10,2006-09-22
SA,2006,3,2006-07-24,2006-09-29
WA,2006,3,2006-07-24,2006-09-29
Tas,2006,3,2006-09-25,2006-12-20
NT,2006,3,2006-07-25,2006-09-29
ACT,2006,3,2006-07-24,2006-09-29
NSW,2007,1,2007-01-29,2007-04-05
Vic,2007,1,2007-01-30,2007-03-30
Qld,2007,1,2007-01-29,2007-04-05
SA,2007,1,2007-01-29,2007-04-13
WA,2007,1,2007-01-31,2007-04-05
Tas,2007,1,2007-02-15,2007-06-01
NT,2007,1,2007-01-31,2007-04-07
ACT,2007,1,2007-02-02,2007-04-13
NSW,2007,2,2007-04-23,2007-06-29
Vic,2007,2,2007-04-16,2007-06-29
Qld,2007,2,2007-04-16,2007-06-22
SA,2007,2,2007-04-30,2007-07-06
WA,2007,2,2007-04-23,2007-07-06
Tas,2007,2,2007-06-18,2007-09-07
NT,2007,2,2007-04-18,2007-06-23
ACT,2007,2,2007-04-30,2007-07-06
NSW,2007,3,2007-07-16,2007-09-28
Vic,2007,3,2007-07-16,2007-09-21
Qld,2007,3,2007-07-09,2007-09-21
SA,2007,3,2007-07-23,2007-09-28
WA,2007,3,2007-07-23,2007-09-28
Tas,2007,3,2007-09-24,2007-12-19
NT,2007,3,2007-07-25,2007-09-29
ACT,2007,3,2007-07-23,2007-09-28
NSW,2008,1,2008-01-29,2008-04-11
Vic,2008,1,2008-01-29,2008-03-20
Qld,2008,1,2008-01-29,2008-04-04
SA,2008,1,2008-01-29,2008-04-11
WA,2008,1,2008-02-04,2008-04-11
Tas,2008,1,2008-02-14,2008-05-30
NT,2008,1,2008-01-29,2008-04-04
ACT,2008,1,2008-02-01,2008-04-11
NSW,2008,2,2008-04-28,2008-07-04
Vic,2008,2,2008-04-07,2008-06-27
Qld,2008,2,2008-04-14,2008-06-27
SA,2008,2,2008-04-28,2008-07-04
WA,2008,2,2008-04-28,2008-07-04
Tas,2008,2,2008-06-16,2008-09-05
NT,2008,2,2008-04-14,2008-06-20
ACT,2008,2,2008-04-28,2008-07-04
NSW,2008,3,2008-07-21,2008-09-26
Vic,2008,3,2008-07-14,2008-09-19
Qld,2008,3,2008-07-14,2008-09-19
SA,2008,3,2008-07-21,2008-09-26
WA,2008,3,2008-07-21,2008-09-26
Tas,2008,3,2008-09-22,2008-12-18
NT,2008,3,2008-07-21,2008-09-26
ACT,2008,3,2008-07-21,2008-09-26
NSW,2009,1,2009-01-27,2009-04-09
Vic,2009,1,2009-01-28,2009-04-03
Qld,2009,1,2009-01-27,2009-04-13
SA,2009,1,2009-01-27,2009-04-09
WA,2009,1,2009-02-02,2009-04-09
Tas,2009,1,2009-02-12,2009-05-29
NT,2009,1,2009-01-28,2009-04-03
ACT,2009,1,2009-01-30,2009-04-09
NSW,2009,2,2009-04-28,2009-07-10
Vic,2009,2,2009-04-20,2009-06-26
Qld,2009,2,2009-04-20,2009-06-26
SA,2009,2,2009-04-27,2009-07-03
WA,2009,2,2009-04-28,2009-07-03
Tas,2009,2,2009-06-15,2009-09-04
NT,2009,2,2009-04-14,2009-06-19
ACT,2009,2,2009-04-28,2009-07-03
NSW,2009,3,2009-07-27,2009-10-02
Vic,2009,3,2009-07-13,2009-09-18
Qld,2009,3,2009-07-13,2009-09-18
SA,2009,3,2009-07-20,2009-09-25
WA,2009,3,2009-07-20,2009-09-25
Tas,2009,3,2009-09-21,2009-12-17
NT,2009,3,2009-07-20,2009-09-25
ACT,2009,3,2009-07-20,2009-09-25
NSW,2010,1,2010-01-27,2010-04-01
Vic,2010,1,2010-02-01,2010-03-26
Qld,2010,1,2010-01-27,2010-04-01
SA,2010,1,2010-01-27,2010-04-01
WA,2010,1,2010-02-01,2010-04-01
Tas,2010,1,2010-02-11,2010-05-28
NT,2010,1,2010-01-27,2010-04-01
ACT,2010,1,2010-01-28,2010-04-09
NSW,2010,2,2010-04-19,2010-07-02
Vic,2010,2,2010-04-12,2010-06-25
Qld,2010,2,2010-04-12,2010-06-25
SA,2010,2,2010-04-19,2010-07-02
WA,2010,2,2010-04-20,2010-07-02
Tas,2010,2,2010-06-15,2010-09-03
NT,2010,2,2010-04-12,2010-06-18
ACT,2010,2,2010-04-27,2010-07-02
NSW,2010,3,2010-07-19,2010-09-24
Vic,2010,3,2010-07-12,2010-09-17
Qld,2010,3,2010-07-12,2010-09-17
SA,2010,3,2010-07-19,2010-09-24
WA,2010,3,2010-07-20,2010-09-24
Tas,2010,3,2010-09-20,2010-12-16
NT,2010,3,2010-07-19,2010-09-24
ACT,2010,3,2010-07-19,2010-09-24
NSW,2011,1,2011-01-28,2011-04-08
Vic,2011,1,2011-02-04,2011-04-08
Qld,2011,1,2011-01-24,2011-04-15
SA,2011,1,2011-01-31,2011-04-15
WA,2011,1,2011-02-02,2011-04-21
Tas,2011,1,2011-02-15,2011-06-03
NT,2011,1,2011-01-25,2011-04-01
ACT,2011,1,2011-02-04,2011-04-15
NSW,2011,2,2011-04-26,2011-07-01
Vic,2011,2,2011-04-27,2011-07-01
Qld,2011,2,2011-04-26,2011-06-24
SA,2011,2,2011-05-02,2011-07-08
WA,2011,2,2011-05-09,2011-07-08
Tas,2011,2,2011-06-20,2011-09-02
NT,2011,2,2011-04-11,2011-06-24
ACT,2011,2,2011-05-02,2011-07-08
NSW,2011,3,2011-07-18,2011-09-23
Vic,2011,3,2011-07-18,2011-09-23
Qld,2011,3,2011-07-11,2011-09-16
SA,2011,3,2011-07-25,2011-09-30
WA,2011,3,2011-07-25,2011-09-30
Tas,2011,3,2011-09-19,2011-12-21
NT,2011,3,2011-07-25,2011-09-30
ACT,2011,3,2011-07-25,2011-09-30
NSW,2012,1,2012-01-30,2012-04-05
Vic,2012,1,2012-02-01,2012-03-30
Qld,2012,1,2012-01-23,2012-03-30
SA,2012,1,2012-01-30,2012-04-05
WA,2012,1,2012-02-01,2012-04-05
Tas,2012,1,2012-02-14,2012-06-01
NT,2012,1,2012-01-31,2012-04-05
ACT,2012,1,2012-02-03,2012-04-13
NSW,2012,2,2012-04-23,2012-06-29
Vic,2012,2,2012-04-16,2012-06-29
Qld,2012,2,2012-04-16,2012-06-22
SA,2012,2,2012-04-23,2012-06-29
WA,2012,2,2012-04-26,2012-07-06
Tas,2012,2,2012-06-18,2012-09-07
NT,2012,2,2012-04-16,2012-06-22
ACT,2012,2,2012-04-30,2012-07-06
NSW,2012,3,2012-07-16,2012-09-21
Vic,2012,3,2012-07-16,2012-09-21
Qld,2012,3,2012-07-09,2012-09-21
SA,2012,3,2012-07-16,2012-09-21
WA,2012,3,2012-07-24,2012-09-28
Tas,2012,3,2012-09-24,2012-12-20
NT,2012,3,2012-07-23,2012-09-28
ACT,2012,3,2012-07-23,2012-09-28
NSW,2013,1,2013-01-29,2013-04-12
Vic,2013,1,2013-01-30,2013-03-28
Qld,2013,1,2013-01-29,2013-03-28
SA,2013,1,2013-01-29,2013-04-12
WA,2013,1,2013-02-04,2013-04-19
Tas,2013,1,2013-02-04,2013-04-19
NT,2013,1,2013-01-29,2013-04-05
ACT,2013,1,2013-02-01,2013-04-12
NSW,2013,2,2013-04-29,2013-06-28
Vic,2013,2,2013-04-15,2013-06-28
Qld,2013,2,2013-04-15,2013-06-21
SA,2013,2,2013-04-29,2013-07-05
WA,2013,2,2013-05-06,2013-07-05
Tas,2013,2,2013-05-06,2013-07-05
NT,2013,2,2013-04-15,2013-06-21
ACT,2013,2,2013-04-29,2013-07-05
NSW,2013,3,2013-07-15,2013-09-20
Vic,2013,3,2013-07-15,2013-09-20
Qld,2013,3,2013-07-08,2013-09-20
SA,2013,3,2013-07-22,2013-09-27
WA,2013,3,2013-07-22,2013-09-27
Tas,2013,3,2013-07-22,2013-09-27
NT,2013,3,2013-07-22,2013-09-27
ACT,2013,3,2013-07-22,2013-09-27
NSW,2013,4,2013-10-08,2013-12-20
Vic,2013,4,2013-10-07,2013-12-20
Qld,2013,4,2013-10-08,2013-12-13
SA,2013,4,2013-10-14,2013-12-13
WA,2013,4,2013-10-14,2013-12-19
Tas,2013,4,2013-10-14,2013-12-19
NT,2013,4,2013-10-07,2013-12-12
ACT,2013,4,2013-10-14,2013-12-20
NSW,2014,1,2014-01-28,2014-04-11
Vic,2014,1,2014-01-28,2014-04-04
Qld,2014,1,2014-01-28,2014-04-04
SA,2014,1,2014-01-28,2014-04-11
WA,2014,1,2014-02-03,2014-04-11
Tas,2014,1,2014-02-05,2014-04-17
NT,2014,1,2014-01-24,2014-04-04
ACT,2014,1,2014-01-31,2014-04-11
NSW,2014,2,2014-04-28,2014-06-27
Vic,2014,2,2014-04-22,2014-06-27
Qld,2014,2,2014-04-22,2014-06-27
SA,2014,2,2014-04-28,2014-07-04
WA,2014,2,2014-04-28,2014-07-04
Tas,2014,2,2014-05-05,2014-07-04
NT,2014,2,2014-04-14,2014-06-20
ACT,2014,2,2014-04-28,2014-07-04
NSW,2014,3,2014-07-14,2014-09-19
Vic,2014,3,2014-07-14,2014-09-19
Qld,2014,3,2014-07-14,2014-09-19
SA,2014,3,2014-07-21,2014-09-26
WA,2014,3,2014-07-21,2014-09-26
Tas,2014,3,2014-07-21,2014-09-26
NT,2014,3,2014-07-21,2014-09-26
ACT,2014,3,2014-07-21,2014-09-26
NSW,2014,4,2014-10-07,2014-12-19
Vic,2014,4,2014-10-06,2014-12-19
Qld,2014,4,2014-10-07,2014-12-12
SA,2014,4,2014-10-13,2014-12-12
WA,2014,4,2014-10-13,2014-12-18
Tas,2014,4,2014-10-13,2014-12-18
NT,2014,4,2014-10-06,2014-12-11
ACT,2014,4,2014-10-13,2014-12-17
NSW,2015,1,2015-01-28,2015-04-02
Vic,2015,1,2015-01-29,2015-03-27
Qld,2015,1,2015-01-28,2015-04-02
SA,2015,1,2015-01-27,2015-04-10
WA,2015,1,2015-02-02,2015-04-02
Tas,2015,1,2015-02-04,2015-04-02
NT,2015,1,2015-01-27,2015-04-02
ACT,2015,1,2015-02-02,2015-04-10
NSW,2015,2,2015-04-21,2015-06-26
Vic,2015,2,2015-04-13,2015-06-26
Qld,2015,2,2015-04-20,2015-06-26
SA,2015,2,2015-04-27,2015-07-03
WA,2015,2,2015-04-20,2015-07-03
Tas,2015,2,2015-04-20,2015-07-03
NT,2015,2,2015-04-13,2015-06-19
ACT,2015,2,2015-04-27,2015-07-03
NSW,2015,3,2015-07-14,2015-09-18
Vic,2015,3,2015-07-13,2015-09-18
Qld,2015,3,2015-07-13,2015-09-18
SA,2015,3,2015-07-20,2015-09-25
WA,2015,3,2015-07-20,2015-09-25
Tas,2015,3,2015-07-20,2015-09-25
NT,2015,3,2015-07-21,2015-09-25
ACT,2015,3,2015-07-20,2015-09-25
NSW,2015,4,2015-10-06,2015-12-16
Vic,2015,4,2015-10-05,2015-12-18
Qld,2015,4,2015-10-06,2015-12-11
SA,2015,4,2015-10-12,2015-12-11
WA,2015,4,2015-10-12,2015-12-17
Tas,2015,4,2015-10-12,2015-12-17
NT,2015,4,2015-10-04,2015-12-10
ACT,2015,4,2015-10-12,2015-12-18
NSW,2016,1,2016-01-28,2016-04-08
Vic,2016,1,2016-01-27,2016-03-24
Qld,2016,1,2016-01-27,2016-03-24
SA,2016,1,2016-02-01,2016-04-15
WA,2016,1,2016-02-01,2016-04-08
Tas,2016,1,2016-02-03,2016-04-08
NT,2016,1,2016-01-22,2016-04-01
ACT,2016,1,2016-02-01,2016-04-08
NSW,2016,2,2016-04-27,2016-07-01
Vic,2016,2,2016-04-11,2016-06-24
Qld,2016,2,2016-04-11,2016-06-24
SA,2016,2,2016-05-02,2016-07-08
WA,2016,2,2016-04-26,2016-07-01
Tas,2016,2,2016-04-26,2016-07-01
NT,2016,2,2016-04-11,2016-06-24
ACT,2016,2,2016-04-26,2016-07-01
NSW,2016,3,2016-07-19,2016-09-23
Vic,2016,3,2016-07-11,2016-09-16
Qld,2016,3,2016-07-11,2016-09-16
SA,2016,3,2016-07-25,2016-09-30
WA,2016,3,2016-07-18,2016-09-23
Tas,2016,3,2016-07-18,2016-09-23
NT,2016,3,2016-07-25,2016-09-30
ACT,2016,3,2016-07-18,2016-09-23
NSW,2016,4,2016-10-10,2016-12-20
Vic,2016,4,2016-10-03,2016-12-20
Qld,2016,4,2016-10-04,2016-12-09
SA,2016,4,2016-10-17,2016-12-16
WA,2016,4,2016-10-10,2016-12-15
Tas,2016,4,2016-10-10,2016-12-22
NT,2016,4,2016-10-10,2016-12-16
ACT,2016,4,2016-10-10,2016-12-16
NSW,2017,1,2017-01-30,2017-04-07
Vic,2017,1,2017-01-30,2017-03-31
Qld,2017,1,2017-01-23,2017-03-31
SA,2017,1,2017-01-30,2017-04-13
WA,2017,1,2017-02-01,2017-04-07
Tas,2017,1,2017-02-08,2017-04-13
NT,2017,1,2017-01-27,2017-04-07
ACT,2017,1,2017-01-30,2017-04-07
NSW,2017,2,2017-04-26,2017-06-30
Vic,2017,2,2017-04-18,2017-06-30
Qld,2017,2,2017-04-18,2017-06-23
SA,2017,2,2017-05-01,2017-07-07
WA,2017,2,2017-04-24,2017-06-30
Tas,2017,2,2017-05-01,2017-07-07
NT,2017,2,2017-04-18,2017-06-23
ACT,2017,2,2017-04-26,2017-06-30
NSW,2017,3,2017-07-18,2017-09-22
Vic,2017,3,2017-07-17,2017-09-22
Qld,2017,3,2017-07-10,2017-09-15
SA,2017,3,2017-07-24,2017-09-29
WA,2017,3,2017-07-17,2017-09-22
Tas,2017,3,2017-07-24,2017-09-29
NT,2017,3,2017-07-24,2017-09-29
ACT,2017,3,2017-07-17,2017-09-22
NSW,2017,4,2017-10-09,2017-12-15
Vic,2017,4,2017-10-09,2017-12-22
Qld,2017,4,2017-10-03,2017-12-08
SA,2017,4,2017-10-16,2017-12-15
WA,2017,4,2017-10-09,2017-12-14
Tas,2017,4,2017-10-16,2017-12-21
NT,2017,4,2017-10-09,2017-12-15
ACT,2017,4,2017-10-09,2017-12-15
NSW,2018,1,2018-01-30,2018-04-13
Vic,2018,1,2018-01-29,2018-03-29
Qld,2018,1,2018-01-22,2018-03-29
SA,2018,1,2018-01-29,2018-04-13
WA,2018,1,2018-01-31,2018-04-13
Tas,2018,1,2018-02-07,2018-04-12
NT,2018,1,2018-01-29,2018-04-13
ACT,2018,1,2018-02-05,2018-04-13
NSW,2018,2,2018-04-30,2018-07-06
Vic,2018,2,2018-04-16,2018-06-29
Qld,2018,2,2018-04-17,2018-06-29
SA,2018,2,2018-04-30,2018-07-06
WA,2018,2,2018-04-30,2018-06-29
Tas,2018,2,2018-04-30,2018-07-06
NT,2018,2,2018-04-23,2018-06-29
ACT,2018,2,2018-04-30,2018-07-06
NSW,2018,3,2018-07-23,2018-09-28
Vic,2018,3,2018-07-16,2018-09-21
Qld,2018,3,2018-07-16,2018-09-21
SA,2018,3,2018-07-23,2018-09-28
WA,2018,3,2018-07-16,2018-09-21
Tas,2018,3,2018-07-23,2018-09-28
NT,2018,3,2018-07-24,2018-09-28
ACT,2018,3,2018-07-23,2018-09-28
NSW,2018,4,2018-10-15,2018-12-21
Vic,2018,4,2018-10-08,2018-12-21
Qld,2018,4,2018-10-08,2018-12-14
SA,2018,4,2018-10-15,2018-12-14
WA,2018,4,2018-10-08,2018-12-13
Tas,2018,4,2018-10-15,2018-12-20
NT,2018,4,2018-10-15,2018-12-13
ACT,2018,4,2018-10-15,2018-12-21
NSW,2019,1,2019-01-29,2019-04-12
Vic,2019,1,2019-01-29,2019-04-05
Qld,2019,1,2019-01-29,2019-04-05
SA,2019,1,2019-01-29,2019-04-12
WA,2019,1,2019-02-04,2019-04-12
Tas,2019,1,2019-02-06,2019-04-12
NT,2019,1,2019-01-29,2019-04-12
ACT,2019,1,2019-02-04,2019-04-12
NSW,2019,2,2019-04-29,2019-07-05
Vic,2019,2,2019-04-23,2019-06-28
Qld,2019,2,2019-04-23,2019-06-28
SA,2019,2,2019-04-29,2019-07-05
WA,2019,2,2019-04-29,2019-07-05
Tas,2019,2,2019-04-29,2019-07-05
NT,2019,2,2019-04-23,2019-06-28
ACT,2019,2,2019-04-29,2019-07-05
NSW,2019,3,2019-07-22,2019-09-27
Vic,2019,3,2019-07-15,2019-09-20
Qld,2019,3,2019-07-15,2019-09-20
SA,2019,3,2019-07-22,2019-09-27
WA,2019,3,2019-07-22,2019-09-27
Tas,2019,3,2019-07-22,2019-09-27
NT,2019,3,2019-07-23,2019-09-27
ACT,2019,3,2019-07-22,2019-09-27
NSW,2019,4,2019-10-14,2019-12-20
Vic,2019,4,2019-10-07,2019-12-20
Qld,2019,4,2019-10-08,2019-12-13
SA,2019,4,2019-10-14,2019-12-13
WA,2019,4,2019-10-14,2019-12-19
Tas,2019,4,2019-10-14,2019-12-19
NT,2019,4,2019-10-14,2019-12-12
ACT,2019,4,2019-10-14,2019-12-19
NSW,2020,1,2020-01-28,2020-04-09
Vic,2020,1,2020-01-28,2020-03-24
Qld,2020,1,2020-01-28,2020-04-03
SA,2020,1,2020-01-28,2020-04-09
WA,2020,1,2020-02-03,2020-04-09
Tas,2020,1,2020-02-05,2020-04-03
NT,2020,1,2020-01-28,2020-04-09
ACT,2020,1,2020-02-03,2020-04-09
NSW,2020,2,2020-04-27,2020-07-03
Vic,2020,2,2020-04-14,2020-06-26
Qld,2020,2,2020-04-20,2020-06-26
SA,2020,2,2020-04-27,2020-07-03
WA,2020,2,2020-04-28,2020-07-03
Tas,2020,2,2020-04-28,2020-07-03
NT,2020,2,2020-04-20,2020-06-26
ACT,2020,2,2020-04-28,2020-07-03
NSW,2020,3,2020-07-20,2020-09-25
Vic,2020,3,2020-07-13,2020-09-18
Qld,2020,3,2020-07-13,2020-09-18
SA,2020,3,2020-07-20,2020-09-25
WA,2020,3,2020-07-20,2020-09-25
Tas,2020,3,2020-07-21,2020-09-25
NT,2020,3,2020-07-21,2020-09-25
ACT,2020,3,2020-07-20,2020-09-25
NSW,2020,4,2020-10-12,2020-12-18
Vic,2020,4,2020-10-05,2020-12-18
Qld,2020,4,2020-10-06,2020-12-11
SA,2020,4,2020-10-12,2020-12-11
WA,2020,4,2020-10-12,2020-12-17
Tas,2020,4,2020-10-12,2020-12-17
NT,2020,4,2020-10-12,2020-12-17
ACT,2020,4,2020-10-12,2020-12-18
NSW,2021,1,2021-01-27,2021-04-01
Vic,2021,1,2021-01-27,2021-04-01
Qld,2021,1,2021-01-27,2021-04-01
SA,2021,1,2021-01-27,2021-04-09
WA,2021,1,2021-02-01,2021-04-01
Tas,2021,1,2021-02-03,2021-04-09
NT,2021,1,2021-02-01,2021-04-09
ACT,2021,1,2021-02-01,2021-04-01
NSW,2021,2,2021-04-19,2021-06-25
Vic,2021,2,2021-04-19,2021-06-25
Qld,2021,2,2021-04-19,2021-06-25
SA,2021,2,2021-04-27,2021-07-02
WA,2021,2,2021-04-19,2021-07-02
Tas,2021,2,2021-04-26,2021-07-02
NT,2021,2,2021-04-19,2021-06-25
ACT,2021,2,2021-04-19,2021-06-25
NSW,2021,3,2021-07-12,2021-09-17
Vic,2021,3,2021-07-12,2021-09-17
Qld,2021,3,2021-07-12,2021-09-17
SA,2021,3,2021-07-19,2021-09-24
WA,2021,3,2021-07-19,2021-09-24
Tas,2021,3,2021-07-20,2021-09-24
NT,2021,3,2021-07-20,2021-09-24
ACT,2021,3,2021-07-12,2021-09-17
NSW,2021,4,2021-10-05,2021-12-17
Vic,2021,4,2021-10-04,2021-12-17
Qld,2021,4,2021-10-05,2021-12-10
SA,2021,4,2021-10-11,2021-12-10
WA,2021,4,2021-10-11,2021-12-16
Tas,2021,4,2021-10-11,2021-12-16
NT,2021,4,2021-10-11,2021-12-16
ACT,2021,4,2021-10-05,2021-12-17
NSW,2022,1,2022-01-28,2022-04-08
Vic,2022,1,2022-01-31,2022-04-08
Qld,2022,1,2022-01-24,2022-04-01
SA,2022,1,2022-01-31,2022-04-14
WA,2022,1,2022-01-31,2022-04-08
Tas,2022,1,2022-02-09,2022-04-14
NT,2022,1,2022-01-31,2022-04-08
ACT,2022,1,2022-01-28,2022-04-08
NSW,2022,2,2022-04-26,2022-07-01
Vic,2022,2,2022-04-26,2022-06-24
Qld,2022,2,2022-04-19,2022-06-24
SA,2022,2,2022-05-02,2022-07-08
WA,2022,2,2022-04-26,2022-07-01
Tas,2022,2,2022-05-02,2022-07-08
NT,2022,2,2022-04-19,2022-06-24
ACT,2022,2,2022-04-26,2022-07-01
NSW,2022,3,2022-07-18,2022-09-23
Vic,2022,3,2022-07-11,2022-09-16
Qld,2022,3,2022-07-11,2022-09-16
SA,2022,3,2022-07-25,2022-09-30
WA,2022,3,2022-07-18,2022-09-23
Tas,2022,3,2022-07-25,2022-09-30
NT,2022,3,2022-07-19,2022-09-23
ACT,2022,3,2022-07-18,2022-09-23
NSW,2022,4,2022-10-10,2022-12-20
Vic,2022,4,2022-10-04,2022-12-20
Qld,2022,4,2022-10-04,2022-12-09
SA,2022,4,2022-10-17,2022-12-16
WA,2022,4,2022-10-10,2022-12-15
Tas,2022,4,2022-10-17,2022-12-21
NT,2022,4,2022-10-10,2022-12-15
ACT,2022,4,2022-10-10,2022-12-16
NSW,2023,1,2023-01-27,2023-04-06
Vic,2023,1,2023-01-30,2023-04-06
Qld,2023,1,2023-01-23,2023-03-31
SA,2023,1,2023-01-30,2023-04-14
WA,2023,1,2023-02-01,2023-04-06
Tas,2023,1,2023-01-30,2023-04-14
NT,2023,1,2023-01-31,2023-04-06
ACT,2023,1,2023-01-27,2023-04-06
NSW,2023,2,2023-04-24,2023-06-30
Vic,2023,2,2023-04-24,2023-06-23
Qld,2023,2,2023-04-17,2023-06-23
SA,2023,2,2023-05-01,2023-07-07
WA,2023,2,2023-04-24,2023-06-30
Tas,2023,2,2023-05-01,2023-07-07
NT,2023,2,2023-04-17,2023-06-23
ACT,2023,2,2023-04-24,2023-06-30
NSW,2023,3,2023-07-17,2023-09-22
Vic,2023,3,2023-07-10,2023-09-15
Qld,2023,3,2023-07-10,2023-09-15
SA,2023,3,2023-07-24,2023-09-29
WA,2023,3,2023-07-17,2023-09-22
Tas,2023,3,2023-07-24,2023-09-29
NT,2023,3,2023-07-18,2023-09-22
ACT,2023,3,2023-07-17,2023-09-22
NSW,2023,4,2023-10-09,2023-12-19
Vic,2023,4,2023-10-02,2023-12-20
Qld,2023,4,2023-10-03,2023-12-08
SA,2023,4,2023-10-16,2023-12-15
WA,2023,4,2023-10-09,2023-12-14
Tas,2023,4,2023-10-12,2023-12-18
NT,2023,4,2023-10-09,2023-12-15
ACT,2023,4,2023-10-09,2023-12-15
NSW,2024,1,2024-01-30,2024-04-12
Vic,2024,1,2024-01-29,2024-03-28
Qld,2024,1,2024-01-22,2024-03-28
SA,2024,1,2024-01-29,2024-04-12
WA,2024,1,2024-01-31,2024-03-28
Tas,2024,1,2024-01-29,2024-04-12
NT,2024,1,2024-01-30,2024-04-05
ACT,2024,1,2024-01-30,2024-04-12
NSW,2024,2,2024-04-29,2024-07-05
Vic,2024,2,2024-04-15,2024-06-28
Qld,2024,2,2024-04-15,2024-06-21
SA,2024,2,2024-04-29,2024-07-05
WA,2024,2,2024-04-15,2024-06-28
Tas,2024,2,2024-04-29,2024-07-05
NT,2024,2,2024-04-15,2024-06-21
ACT,2024,2,2024-04-29,2024-07-05
NSW,2024,3,2024-07-22,2024-09-27
Vic,2024,3,2024-07-15,2024-09-20
Qld,2024,3,2024-07-08,2024-09-13
SA,2024,3,2024-07-22,2024-09-27
WA,2024,3,2024-07-15,2024-09-20
Tas,2024,3,2024-07-22,2024-09-27
NT,2024,3,2024-07-16,2024-09-20
ACT,2024,3,2024-07-22,2024-09-27
NSW,2024,4,2024-10-14,2024-12-20
Vic,2024,4,2024-10-07,2024-12-20
Qld,2024,4,2024-09-30,2024-12-13
SA,2024,4,2024-10-14,2024-12-13
WA,2024,4,2024-10-07,2024-12-12
Tas,2024,4,2024-10-14,2024-12-16
NT,2024,4,2024-10-07,2024-12-13
ACT,2024,4,2024-10-14,2024-12-17
